genius,filename,path,size_bytes,modified,theme_bucket
horizon-kinetics,HK-Q1-2025-Commentary-extract.txt,_system/reference/investment-wisdom/horizon-kinetics/HK-Q1-2025-Commentary-extract.txt,94895,2026-05-11,equity_yield_curve
horizon-kinetics,HK-Q1-2026-Commentary-extract.txt,_system/reference/investment-wisdom/horizon-kinetics/HK-Q1-2026-Commentary-extract.txt,71987,2026-05-10,equity_yield_curve
horizon-kinetics,HK-Q3-2025-Commentary-extract.txt,_system/reference/investment-wisdom/horizon-kinetics/HK-Q3-2025-Commentary-extract.txt,91827,2026-05-11,equity_yield_curve
horizon-kinetics,Stahl-Equity-Yield-Curve-extract.txt,_system/reference/investment-wisdom/horizon-kinetics/Stahl-Equity-Yield-Curve-extract.txt,32298,2026-05-22,equity_yield_curve
horizon-kinetics,Stahl-Worth-The-Time-Predictive-Attributes-extract.txt,_system/reference/investment-wisdom/horizon-kinetics/Stahl-Worth-The-Time-Predictive-Attributes-extract.txt,39693,2026-05-11,equity_yield_curve
munger,Harvard-Speech-June-1995-Psychology-of-Human-Misjudgment.pdf,_system/reference/investment-wisdom/munger/Harvard-Speech-June-1995-Psychology-of-Human-Misjudgment.pdf,168722,2026-05-21,mental_models
munger,Munger-1994-Elementary-Worldly-Wisdom.pdf,_system/reference/investment-wisdom/munger/Munger-1994-Elementary-Worldly-Wisdom.pdf,188116,2026-05-21,mental_models
munger,Psychology-of-Human-Misjudgment.pdf,_system/reference/investment-wisdom/munger/Psychology-of-Human-Misjudgment.pdf,1004709,2026-05-21,mental_models
pabrai,Pabrai-2007-Annual-Letter.pdf,_system/reference/investment-wisdom/pabrai/Pabrai-2007-Annual-Letter.pdf,518568,2026-05-21,dhando_letters
pabrai,Pabrai-Letter-l_010105.pdf,_system/reference/investment-wisdom/pabrai/Pabrai-Letter-l_010105.pdf,249498,2026-05-21,dhando_letters
pabrai,Pabrai-Letter-l_010106.pdf,_system/reference/investment-wisdom/pabrai/Pabrai-Letter-l_010106.pdf,290107,2026-05-21,dhando_letters
pabrai,Pabrai-Letter-l_010107.pdf,_system/reference/investment-wisdom/pabrai/Pabrai-Letter-l_010107.pdf,92582,2026-05-21,dhando_letters
pabrai,Pabrai-Letter-l_010108.pdf,_system/reference/investment-wisdom/pabrai/Pabrai-Letter-l_010108.pdf,231773,2026-05-21,dhando_letters
pabrai,Pabrai-Letter-l_010109.pdf,_system/reference/investment-wisdom/pabrai/Pabrai-Letter-l_010109.pdf,183370,2026-05-21,dhando_letters
pabrai,Pabrai-Letter-l_010110.pdf,_system/reference/investment-wisdom/pabrai/Pabrai-Letter-l_010110.pdf,226300,2026-05-21,dhando_letters
pabrai,Pabrai-Letter-l_010111.pdf,_system/reference/investment-wisdom/pabrai/Pabrai-Letter-l_010111.pdf,176031,2026-05-21,dhando_letters
pabrai,Pabrai-Letter-l_010112.pdf,_system/reference/investment-wisdom/pabrai/Pabrai-Letter-l_010112.pdf,657690,2026-05-21,dhando_letters
pabrai,Pabrai-Letter-l_010113.pdf,_system/reference/investment-wisdom/pabrai/Pabrai-Letter-l_010113.pdf,636560,2026-05-21,dhando_letters
pabrai,Pabrai-Letter-l_010114.pdf,_system/reference/investment-wisdom/pabrai/Pabrai-Letter-l_010114.pdf,215902,2026-05-21,dhando_letters
pabrai,Pabrai-Letter-l_010115.pdf,_system/reference/investment-wisdom/pabrai/Pabrai-Letter-l_010115.pdf,662787,2026-05-21,dhando_letters
pabrai,Pabrai-Letter-l_010116.pdf,_system/reference/investment-wisdom/pabrai/Pabrai-Letter-l_010116.pdf,659164,2026-05-21,dhando_letters
pabrai,Pabrai-Letter-l_010117.pdf,_system/reference/investment-wisdom/pabrai/Pabrai-Letter-l_010117.pdf,742583,2026-05-21,dhando_letters
pabrai,Pabrai-Letter-l_010118.pdf,_system/reference/investment-wisdom/pabrai/Pabrai-Letter-l_010118.pdf,819492,2026-05-21,dhando_letters
pabrai,Pabrai-Letter-l_010119.pdf,_system/reference/investment-wisdom/pabrai/Pabrai-Letter-l_010119.pdf,525512,2026-05-21,dhando_letters
pabrai,Pabrai-Letter-l_010120.pdf,_system/reference/investment-wisdom/pabrai/Pabrai-Letter-l_010120.pdf,491255,2026-05-21,dhando_letters
pabrai,Pabrai-Letter-l_010121.pdf,_system/reference/investment-wisdom/pabrai/Pabrai-Letter-l_010121.pdf,634321,2026-05-21,dhando_letters
pabrai,Pabrai-Letter-l_010122.pdf,_system/reference/investment-wisdom/pabrai/Pabrai-Letter-l_010122.pdf,335661,2026-05-21,dhando_letters
pabrai,Pabrai-Letter-l_010123.pdf,_system/reference/investment-wisdom/pabrai/Pabrai-Letter-l_010123.pdf,360430,2026-05-21,dhando_letters
pabrai,Pabrai-Letter-l_010124.pdf,_system/reference/investment-wisdom/pabrai/Pabrai-Letter-l_010124.pdf,305938,2026-05-21,dhando_letters
pabrai,Pabrai-Letter-l_010125.pdf,_system/reference/investment-wisdom/pabrai/Pabrai-Letter-l_010125.pdf,286630,2026-05-21,dhando_letters
pabrai,Pabrai-Letter-l_040121.pdf,_system/reference/investment-wisdom/pabrai/Pabrai-Letter-l_040121.pdf,492511,2026-05-21,dhando_letters
pabrai,Pabrai-Letter-l_040122.pdf,_system/reference/investment-wisdom/pabrai/Pabrai-Letter-l_040122.pdf,327740,2026-05-21,dhando_letters
pabrai,Pabrai-Letter-l_040123.pdf,_system/reference/investment-wisdom/pabrai/Pabrai-Letter-l_040123.pdf,351654,2026-05-21,dhando_letters
pabrai,Pabrai-Letter-l_040124.pdf,_system/reference/investment-wisdom/pabrai/Pabrai-Letter-l_040124.pdf,296052,2026-05-21,dhando_letters
pabrai,Pabrai-Letter-l_040125.pdf,_system/reference/investment-wisdom/pabrai/Pabrai-Letter-l_040125.pdf,299220,2026-05-21,dhando_letters
pabrai,Pabrai-Letter-l_070121.pdf,_system/reference/investment-wisdom/pabrai/Pabrai-Letter-l_070121.pdf,446890,2026-05-21,dhando_letters
pabrai,Pabrai-Letter-l_070122.pdf,_system/reference/investment-wisdom/pabrai/Pabrai-Letter-l_070122.pdf,430511,2026-05-21,dhando_letters
pabrai,Pabrai-Letter-l_070123.pdf,_system/reference/investment-wisdom/pabrai/Pabrai-Letter-l_070123.pdf,329399,2026-05-21,dhando_letters
pabrai,Pabrai-Letter-l_070124.pdf,_system/reference/investment-wisdom/pabrai/Pabrai-Letter-l_070124.pdf,379607,2026-05-21,dhando_letters
pabrai,Pabrai-Letter-l_070125.pdf,_system/reference/investment-wisdom/pabrai/Pabrai-Letter-l_070125.pdf,361677,2026-05-21,dhando_letters
pabrai,Pabrai-Letter-l_100121.pdf,_system/reference/investment-wisdom/pabrai/Pabrai-Letter-l_100121.pdf,352724,2026-05-21,dhando_letters
pabrai,Pabrai-Letter-l_100122.pdf,_system/reference/investment-wisdom/pabrai/Pabrai-Letter-l_100122.pdf,386380,2026-05-21,dhando_letters
pabrai,Pabrai-Letter-l_100123.pdf,_system/reference/investment-wisdom/pabrai/Pabrai-Letter-l_100123.pdf,333816,2026-05-21,dhando_letters
pabrai,Pabrai-Letter-l_100124.pdf,_system/reference/investment-wisdom/pabrai/Pabrai-Letter-l_100124.pdf,414851,2026-05-21,dhando_letters
pabrai,Pabrai-Letter-l_100125.pdf,_system/reference/investment-wisdom/pabrai/Pabrai-Letter-l_100125.pdf,350188,2026-05-21,dhando_letters
stahl,Compilation-of-Murray-Stahls-Writings.pdf,_system/reference/investment-wisdom/stahl/Compilation-of-Murray-Stahls-Writings.pdf,6805699,2026-05-11,croupier_diversification
stahl,Stahl-Achievement-of-Diversification-2020.pdf,_system/reference/investment-wisdom/stahl/Stahl-Achievement-of-Diversification-2020.pdf,188596,2026-05-10,croupier_diversification
stahl,Stahl-Croupier-Business-Model-2008.pdf,_system/reference/investment-wisdom/stahl/Stahl-Croupier-Business-Model-2008.pdf,36226,2026-01-28,croupier_diversification
stahl,Stahl-Exchanges-Less-Talk-More-Figures-2009.pdf,_system/reference/investment-wisdom/stahl/Stahl-Exchanges-Less-Talk-More-Figures-2009.pdf,52551,2026-01-28,croupier_diversification
stahl,Stahl-Investment-Philosophy.pdf,_system/reference/investment-wisdom/stahl/Stahl-Investment-Philosophy.pdf,194268,2026-01-28,croupier_diversification
stahl,Stahl-Spinoffs-Going-Separate-Ways-2015.pdf,_system/reference/investment-wisdom/stahl/Stahl-Spinoffs-Going-Separate-Ways-2015.pdf,271981,2026-01-28,croupier_diversification
